,PSNR,SSIM,MS-SSIM,F_SIM,VIF,FID
0,23.353750228881836,0.7424876093864441,0.9290511012077332,0.8157851099967957,0.3149814009666443,1471.719970703125
1,23.521411895751953,0.762328028678894,0.9259437322616577,0.827648401260376,0.33070501685142517,1259.020751953125
2,24.951143264770508,0.7978932857513428,0.9493574500083923,0.8585352897644043,0.3791343569755554,960.554443359375
3,26.04086685180664,0.8332715034484863,0.9575461149215698,0.8742595314979553,0.3838137686252594,797.2213134765625
4,28.191787719726562,0.8908920288085938,0.9755007028579712,0.9126482605934143,0.4699867069721222,548.20703125
5,27.024824142456055,0.8992590308189392,0.9746968150138855,0.9129605293273926,0.4782122075557709,400.4442138671875
6,28.717992782592773,0.9505575895309448,0.9887980222702026,0.9549997448921204,0.6132036447525024,170.47940063476562
7,26.917030334472656,0.873642086982727,0.9750500917434692,0.9011853933334351,0.47459298372268677,534.492919921875
8,29.499357223510742,0.9547457695007324,0.9905509948730469,0.9611749649047852,0.6268777847290039,125.09932708740234
9,28.712745666503906,0.9557933807373047,0.9896270632743835,0.9564905762672424,0.610495388507843,143.93104553222656
10,28.175582885742188,0.9129595160484314,0.9818019866943359,0.9298624396324158,0.5331729650497437,319.04547119140625
11,25.63155746459961,0.908223569393158,0.9845991134643555,0.9358659386634827,0.5568341612815857,310.73785400390625
12,25.030616760253906,0.7747139930725098,0.9375001788139343,0.8461402654647827,0.3736567497253418,813.0587768554688
13,23.713655471801758,0.689568281173706,0.9129956960678101,0.79111248254776,0.296073853969574,1054.2113037109375
14,23.981861114501953,0.7044452428817749,0.9080570936203003,0.8020496964454651,0.2932913601398468,1083.5303955078125
15,27.097990036010742,0.8980655670166016,0.9733177423477173,0.9112831950187683,0.47662901878356934,419.6202697753906
16,24.55731201171875,0.8088347315788269,0.9094762802124023,0.8540762662887573,0.2930859327316284,854.7369995117188
17,24.827821731567383,0.8034953474998474,0.9215137362480164,0.8530036211013794,0.35019057989120483,731.3006591796875
18,22.286514282226562,0.6496392488479614,0.8411680459976196,0.7637085914611816,0.223788321018219,1092.8507080078125
19,25.78622817993164,0.9098608493804932,0.977951169013977,0.9183193445205688,0.4917666018009186,258.45758056640625
20,25.231496810913086,0.9119588732719421,0.9835892915725708,0.9317086935043335,0.5413944721221924,126.66090393066406
21,24.98061752319336,0.7882184386253357,0.9482169151306152,0.8570693731307983,0.41092556715011597,554.0040283203125
22,27.338172912597656,0.963700532913208,0.992051362991333,0.969891369342804,0.6568711996078491,43.567649841308594
23,25.27341079711914,0.8868615031242371,0.9759759306907654,0.9094449281692505,0.4816725254058838,315.53350830078125
24,27.748449325561523,0.9593185186386108,0.9907786250114441,0.9611144661903381,0.6272143721580505,33.14537811279297
25,24.609241485595703,0.87044757604599,0.9779393076896667,0.9161987900733948,0.506142795085907,332.003662109375
26,25.047731399536133,0.8432281017303467,0.9663652181625366,0.8847219944000244,0.45385226607322693,476.31292724609375
27,22.982654571533203,0.6762270331382751,0.8714725375175476,0.7827833294868469,0.26173219084739685,1035.6507568359375
28,26.743946075439453,0.9048065543174744,0.9779629707336426,0.9182672500610352,0.4998902678489685,372.5401611328125
29,26.869739532470703,0.9537715315818787,0.9909684062004089,0.966053307056427,0.6516529321670532,129.3475341796875
30,28.27486228942871,0.9612081050872803,0.9903264045715332,0.965070366859436,0.6302784085273743,17.67605972290039
31,27.192737579345703,0.9596569538116455,0.991619348526001,0.9687602519989014,0.6630601286888123,54.65569305419922
32,27.02573585510254,0.9542864561080933,0.9917119741439819,0.9675877094268799,0.6505603790283203,82.17601013183594
33,25.205289840698242,0.9428915977478027,0.9912083148956299,0.9661605358123779,0.6463566422462463,152.200439453125
34,26.322689056396484,0.962950587272644,0.9934368133544922,0.9776886701583862,0.7103913426399231,87.52801513671875
35,25.738361358642578,0.9537927508354187,0.990449845790863,0.9678351283073425,0.6422901153564453,27.91643714904785
36,26.722023010253906,0.9483777284622192,0.9882494211196899,0.9524545669555664,0.5849208831787109,31.873287200927734
37,27.21534538269043,0.9461957812309265,0.9876477122306824,0.9506372213363647,0.5785675644874573,53.44514465332031
38,27.668733596801758,0.9681038856506348,0.9930520057678223,0.9773125052452087,0.7039427161216736,17.06542205810547
39,26.876728057861328,0.9596203565597534,0.991615891456604,0.9730232357978821,0.6769899129867554,51.85173416137695
40,25.05819320678711,0.9366891384124756,0.9851598739624023,0.9456475973129272,0.5674641728401184,188.02081298828125
41,24.76587677001953,0.9581277370452881,0.9914482831954956,0.9695405960083008,0.6623156666755676,14.47506332397461
42,24.90607261657715,0.9632167816162109,0.9925075769424438,0.975360095500946,0.6920648217201233,12.319864273071289
43,25.126556396484375,0.9510470628738403,0.9884950518608093,0.9603318572044373,0.6061773896217346,42.43132400512695
44,26.292221069335938,0.9223513007164001,0.9829718470573425,0.9393443465232849,0.5541700124740601,294.0351867675781
45,27.388391494750977,0.9681268930435181,0.9927862882614136,0.9750272035598755,0.6844038367271423,28.53519630432129
46,25.865459442138672,0.9403244853019714,0.9834342002868652,0.9439656734466553,0.54059237241745,60.6827392578125
47,26.107330322265625,0.9464089274406433,0.9868356585502625,0.9504780769348145,0.5680045485496521,24.099246978759766
48,25.03593635559082,0.9598817825317383,0.992719829082489,0.9746292233467102,0.6881943941116333,39.032039642333984
49,25.261093139648438,0.9669512510299683,0.9939007759094238,0.9818897843360901,0.7314870357513428,8.901850700378418
50,25.700939178466797,0.9590843915939331,0.9912116527557373,0.9713325500488281,0.6598401069641113,19.278881072998047
51,25.160940170288086,0.9217531085014343,0.9832651019096375,0.9388556480407715,0.5510199666023254,218.62371826171875
52,25.719078063964844,0.9240084886550903,0.9852360486984253,0.9426279664039612,0.5894465446472168,226.51467895507812
53,25.28154182434082,0.9364993572235107,0.9862488508224487,0.9491756558418274,0.6023039221763611,184.96197509765625
54,25.94610595703125,0.936103343963623,0.9879478216171265,0.9508155584335327,0.6022177934646606,104.92842102050781
55,26.02062225341797,0.9430326819419861,0.9893943667411804,0.9572468400001526,0.6274731755256653,94.23698425292969
56,25.0443172454834,0.8914400339126587,0.97833251953125,0.9201620221138,0.5121467113494873,255.1195526123047
57,25.301725387573242,0.9664119482040405,0.9945378303527832,0.980511486530304,0.7415619492530823,22.95690155029297
58,24.75811195373535,0.9386467933654785,0.9896714091300964,0.9574178457260132,0.6410441398620605,110.5921630859375
59,24.60911750793457,0.9527906179428101,0.9911708235740662,0.9641156792640686,0.6567780375480652,46.638145446777344
60,21.8027400970459,0.6636762022972107,0.8731383085250854,0.7849792242050171,0.2496083378791809,1177.0335693359375
61,24.385467529296875,0.8969773054122925,0.9728775024414062,0.9064868092536926,0.47421377897262573,398.50634765625
62,24.228246688842773,0.8560196757316589,0.9680135250091553,0.8905690312385559,0.4620819687843323,478.735595703125
63,27.589885711669922,0.970032811164856,0.9944006204605103,0.9758360385894775,0.6977214813232422,41.72414016723633
64,26.45648956298828,0.8574959635734558,0.9683490991592407,0.8902575969696045,0.4566616117954254,608.5968017578125
65,24.632959365844727,0.7810564041137695,0.9312168955802917,0.8375385999679565,0.3663383424282074,964.3869018554688
66,23.049407958984375,0.889860987663269,0.9750536680221558,0.9182344079017639,0.4847430884838104,254.38137817382812
67,24.730159759521484,0.9191761016845703,0.9851509928703308,0.9393683671951294,0.5465503931045532,121.98898315429688
68,21.87808609008789,0.9446209669113159,0.9915429949760437,0.9775025248527527,0.743185818195343,15.888361930847168
69,23.266071319580078,0.8883800506591797,0.9794560670852661,0.9218301177024841,0.5004600286483765,259.93975830078125
70,22.08523178100586,0.9386309385299683,0.9903280138969421,0.9684818983078003,0.6802455186843872,46.25559616088867
71,22.18879508972168,0.90277498960495,0.9834798574447632,0.9399939775466919,0.5582056045532227,190.3380584716797
72,26.584379196166992,0.9425719976425171,0.9898122549057007,0.9569761157035828,0.6114628314971924,176.61984252929688
73,24.049501419067383,0.9110550880432129,0.9824424982070923,0.9345738887786865,0.5228584408760071,118.37834930419922
74,24.04888916015625,0.9372770190238953,0.988714873790741,0.9561916589736938,0.6111654043197632,56.707191467285156
75,22.718215942382812,0.8329192996025085,0.9485526084899902,0.8660508990287781,0.3672831356525421,383.7038879394531
76,22.884883880615234,0.89339679479599,0.976817786693573,0.9184476733207703,0.49606767296791077,208.07054138183594
77,22.77838134765625,0.8936432600021362,0.9755014181137085,0.9174308180809021,0.4912080466747284,79.38890075683594
78,23.442127227783203,0.860831618309021,0.9618697166442871,0.8876826763153076,0.41729748249053955,534.353515625
79,24.92767333984375,0.8767966628074646,0.9658616781234741,0.9000541567802429,0.46220314502716064,879.28662109375
80,22.81041145324707,0.9055620431900024,0.9810795783996582,0.9311331510543823,0.5361245274543762,122.1698226928711
81,23.494617462158203,0.888759970664978,0.9783317446708679,0.915397584438324,0.5096147060394287,501.4456481933594
82,22.733604431152344,0.7415610551834106,0.9333122968673706,0.8204207420349121,0.36184895038604736,1351.468994140625
83,23.685218811035156,0.8983216285705566,0.971473217010498,0.9091038703918457,0.470127671957016,489.1509704589844
84,24.0582275390625,0.9182710647583008,0.9849669933319092,0.9407727122306824,0.5583483576774597,152.30494689941406
85,23.104398727416992,0.8649856448173523,0.961103618144989,0.8858930468559265,0.40538617968559265,243.7418975830078
86,22.28790283203125,0.8594694137573242,0.9600635766983032,0.8836827874183655,0.40585193037986755,228.27926635742188
87,22.8188533782959,0.8992287516593933,0.9776729345321655,0.9219069480895996,0.5009403824806213,142.06454467773438
88,23.095827102661133,0.9199625849723816,0.9858568906784058,0.9458047747612,0.585570216178894,178.6096649169922
89,23.635974884033203,0.9207521677017212,0.9852418899536133,0.9398037195205688,0.565615713596344,270.31097412109375
90,22.07432746887207,0.8843223452568054,0.9785966277122498,0.9228129386901855,0.5058150887489319,229.4384002685547
91,22.550811767578125,0.8317397832870483,0.9671282768249512,0.8876820206642151,0.4338691830635071,561.9053344726562
92,22.732946395874023,0.9038326740264893,0.9796991348266602,0.9309345483779907,0.539533257484436,203.0540771484375
93,24.840789794921875,0.9279398918151855,0.9849631190299988,0.9462217092514038,0.5866624712944031,135.79898071289062
94,22.502344131469727,0.8116014003753662,0.9607772827148438,0.8763641119003296,0.45332226157188416,720.58154296875
95,24.9090576171875,0.9506506323814392,0.9917656779289246,0.9680784344673157,0.6988018155097961,99.54289245605469
96,23.313289642333984,0.9162390232086182,0.98179692029953,0.9331139922142029,0.5447753667831421,230.20895385742188
97,22.353696823120117,0.9304923415184021,0.9884426593780518,0.9608108401298523,0.6644776463508606,170.19088745117188
98,24.406269073486328,0.9470615386962891,0.9909076690673828,0.9655736088752747,0.6624118089675903,117.2075424194336
99,26.70366096496582,0.9369909167289734,0.9884836077690125,0.9513117671012878,0.6108143925666809,182.21258544921875
100,20.106346130371094,0.8200894594192505,0.9653035402297974,0.9300650358200073,0.6456258296966553,272.16351318359375
101,15.612439155578613,0.7667519450187683,0.9413580894470215,0.9295347929000854,0.6883939504623413,282.7612609863281
102,16.86886978149414,0.7619630098342896,0.945779025554657,0.913910448551178,0.6205947399139404,460.5968322753906
103,16.385787963867188,0.7843116521835327,0.950967013835907,0.9409202337265015,0.6908754706382751,260.0235595703125
104,16.740829467773438,0.7951350212097168,0.9555948972702026,0.9471031427383423,0.7176841497421265,210.27072143554688
105,16.833131790161133,0.7836381793022156,0.9543142318725586,0.937541663646698,0.7017080783843994,312.0771179199219
106,16.794208526611328,0.7900791168212891,0.9577142596244812,0.9437994360923767,0.7108005285263062,267.13385009765625
107,16.615928649902344,0.7936904430389404,0.9568309187889099,0.9531393647193909,0.7375214099884033,171.50038146972656
108,16.535659790039062,0.7761164903640747,0.9510002136230469,0.9321194887161255,0.6389610171318054,340.9375915527344
109,17.386308670043945,0.7880022525787354,0.9588534832000732,0.9324533939361572,0.6523947715759277,373.58673095703125
110,15.95617389678955,0.7759525179862976,0.9531375765800476,0.943813681602478,0.720118522644043,173.99673461914062
111,17.59314727783203,0.7898721694946289,0.9629325270652771,0.9315608143806458,0.6413052082061768,314.3050231933594
112,16.532812118530273,0.7908934354782104,0.9595510959625244,0.9491803646087646,0.7241731882095337,143.95217895507812
113,16.154497146606445,0.7807855606079102,0.9573773145675659,0.9496265649795532,0.7217488288879395,130.1954345703125
114,16.996639251708984,0.7892658114433289,0.9601468443870544,0.9452260136604309,0.6690513491630554,142.82244873046875
115,16.767166137695312,0.7923835515975952,0.9624804854393005,0.9535850882530212,0.7186356782913208,108.67201232910156
116,16.317890167236328,0.7821552753448486,0.959490954875946,0.9517808556556702,0.7169601321220398,93.65257263183594
117,16.245750427246094,0.7737800478935242,0.9569971561431885,0.9433143734931946,0.6926664113998413,126.27606201171875
118,16.183799743652344,0.7819548845291138,0.9614021182060242,0.9547256231307983,0.7343097925186157,96.25775909423828
119,16.909927368164062,0.7899090647697449,0.9651426076889038,0.9541910886764526,0.7132103443145752,139.69320678710938
120,16.894100189208984,0.7903103828430176,0.9657895565032959,0.955247700214386,0.714485228061676,148.41465759277344
121,16.83057975769043,0.790252149105072,0.9647800922393799,0.954094409942627,0.718743622303009,172.13827514648438
122,18.245609283447266,0.7962915897369385,0.9704484939575195,0.9415522813796997,0.6483731865882874,328.22686767578125
123,17.251644134521484,0.7828716039657593,0.9647583365440369,0.9390567541122437,0.6566598415374756,310.6684265136719
124,16.924283981323242,0.7810077667236328,0.960826575756073,0.934583306312561,0.6555824279785156,291.1917724609375
125,19.787668228149414,0.8282293677330017,0.9774020910263062,0.9467813372612,0.6528955101966858,206.93524169921875
126,20.211999893188477,0.8224946856498718,0.9758127927780151,0.932202160358429,0.6067331433296204,300.4895935058594
127,17.2095947265625,0.8118854761123657,0.9682271480560303,0.9523001909255981,0.7277043461799622,41.12052917480469
128,25.665508270263672,0.8972378969192505,0.9879292845726013,0.9476873278617859,0.6318989396095276,167.719482421875
129,28.10669708251953,0.9113657474517822,0.9866337776184082,0.9439103007316589,0.603906512260437,209.81427001953125
130,25.044479370117188,0.8916117548942566,0.9860233068466187,0.9499778747558594,0.6238284707069397,153.6035919189453
131,25.690353393554688,0.8899658918380737,0.985662579536438,0.942260205745697,0.6133190393447876,196.775634765625
132,27.714534759521484,0.8930200338363647,0.9809401035308838,0.9260002970695496,0.5664060711860657,353.07867431640625
133,27.016803741455078,0.882032036781311,0.9786035418510437,0.9211137890815735,0.5523825883865356,446.5784606933594
134,19.921276092529297,0.8518372774124146,0.9806191325187683,0.9569293856620789,0.6905519962310791,31.199251174926758
135,17.831844329833984,0.8138113021850586,0.9691607356071472,0.944827139377594,0.6719415187835693,86.33651733398438
136,18.716346740722656,0.7783755660057068,0.9573792815208435,0.9047410488128662,0.5357574820518494,417.44854736328125
137,16.136537551879883,0.7832300066947937,0.9534175395965576,0.9354031682014465,0.6837728023529053,119.39431762695312
138,16.5931396484375,0.7873519659042358,0.9495279788970947,0.9286587238311768,0.6458461284637451,180.70582580566406
139,15.889936447143555,0.742548942565918,0.9346311092376709,0.9004761576652527,0.5766775608062744,364.9748229980469
140,16.272565841674805,0.7612549066543579,0.9385212659835815,0.901747465133667,0.5750904083251953,445.41107177734375
141,18.596878051757812,0.8252255320549011,0.9619894027709961,0.9184786081314087,0.5963010191917419,391.8377380371094
142,23.760940551757812,0.8969098329544067,0.9828044772148132,0.940421998500824,0.6103254556655884,171.14022827148438
143,28.629959106445312,0.9213553667068481,0.9862672090530396,0.9392613172531128,0.5762359499931335,284.28948974609375
144,27.829559326171875,0.9249069094657898,0.9875676035881042,0.9446300268173218,0.5916853547096252,327.2988586425781
145,29.71291732788086,0.9400860071182251,0.9893897771835327,0.9495429992675781,0.6034799814224243,262.4126281738281
146,28.84047508239746,0.9487263560295105,0.9910699725151062,0.9591973423957825,0.6402769684791565,181.50096130371094
147,21.910335540771484,0.8830305337905884,0.9795987010002136,0.9325428009033203,0.5817791819572449,353.44903564453125
148,18.302818298339844,0.878624677658081,0.9753128886222839,0.9520032405853271,0.6966283917427063,141.2261962890625
149,17.56486701965332,0.8500915765762329,0.9683806300163269,0.9395521879196167,0.6666922569274902,277.1546630859375
150,17.75815200805664,0.8385204672813416,0.9670774340629578,0.9329220056533813,0.6285800933837891,352.906005859375
151,18.07653045654297,0.8163833618164062,0.961753249168396,0.910872757434845,0.5458654761314392,481.49359130859375
152,18.53680992126465,0.8459362983703613,0.9707334041595459,0.9310299158096313,0.5980325937271118,298.34619140625
153,18.715923309326172,0.8442015051841736,0.9723622798919678,0.932826578617096,0.6179689168930054,345.02557373046875
154,18.73495864868164,0.8269705772399902,0.9694007635116577,0.9241229295730591,0.5847215056419373,401.9031982421875
155,17.874921798706055,0.8421964645385742,0.9684672355651855,0.9385647177696228,0.6437690854072571,166.31846618652344
156,17.65908432006836,0.8426892161369324,0.9682751893997192,0.939969539642334,0.6097031235694885,25.64289093017578
157,18.57465362548828,0.8695034980773926,0.9773197174072266,0.9629055857658386,0.7439854741096497,37.427425384521484
158,17.72611427307129,0.8426827788352966,0.9696832895278931,0.9456526041030884,0.6635785102844238,122.30825805664062
159,18.09343719482422,0.8441996574401855,0.9738537073135376,0.9490419626235962,0.691289484500885,145.96734619140625
160,16.924497604370117,0.8221889734268188,0.9652892351150513,0.9384693503379822,0.6282484531402588,165.18328857421875
161,18.257564544677734,0.8457272052764893,0.9758641719818115,0.9521597027778625,0.6730236411094666,111.94502258300781
162,19.347572326660156,0.8367850184440613,0.975409984588623,0.9337420463562012,0.6152473092079163,445.20367431640625
163,19.122268676757812,0.7234708666801453,0.9342854022979736,0.85127192735672,0.4197556674480438,1800.203857421875
164,17.83440399169922,0.8011461496353149,0.9608792662620544,0.9110506176948547,0.5523678660392761,698.5607299804688
165,19.37076187133789,0.8180925846099854,0.971047043800354,0.9166940450668335,0.5711975693702698,725.3338012695312
166,18.467647552490234,0.8540179133415222,0.9769615530967712,0.9487815499305725,0.6714235544204712,162.80345153808594
167,17.3338623046875,0.8424171805381775,0.9705594778060913,0.952498733997345,0.6922304034233093,66.50425720214844
168,17.332433700561523,0.8505903482437134,0.9740930795669556,0.9572370648384094,0.7216604948043823,24.518722534179688
169,20.49889373779297,0.8446807861328125,0.9747227430343628,0.9245737791061401,0.581125020980835,470.53857421875
170,21.11581039428711,0.8373725414276123,0.974230170249939,0.918420672416687,0.572310745716095,470.72210693359375
171,18.226768493652344,0.8459674715995789,0.9756280779838562,0.9503966569900513,0.6803795099258423,111.5078353881836
172,21.07431411743164,0.779998779296875,0.9588092565536499,0.8854116797447205,0.47948771715164185,588.3089599609375
173,18.46824836730957,0.7920101881027222,0.9629338979721069,0.909089982509613,0.5684835314750671,418.16058349609375
174,19.60240936279297,0.7969377040863037,0.9644753336906433,0.9054441452026367,0.540874183177948,374.977783203125
175,19.73404884338379,0.8439030647277832,0.9736711978912354,0.9332824945449829,0.5850532054901123,187.21701049804688
176,26.331275939941406,0.8865410685539246,0.9819144606590271,0.9357108473777771,0.5507634282112122,198.3743438720703
177,26.285850524902344,0.8989704847335815,0.9860562086105347,0.9454326629638672,0.6034620404243469,183.95733642578125
178,25.702592849731445,0.8785578608512878,0.9795903563499451,0.9269790053367615,0.554639995098114,370.04534912109375
179,26.772869110107422,0.9052853584289551,0.9858951568603516,0.9462879300117493,0.601605236530304,207.06622314453125
180,20.909343719482422,0.661823034286499,0.8702212572097778,0.7887028455734253,0.22953444719314575,894.8055419921875
181,23.246200561523438,0.7483309507369995,0.9280220866203308,0.8440675139427185,0.3570692241191864,1385.29638671875
182,24.049102783203125,0.8513123989105225,0.9756128191947937,0.9174665808677673,0.5486418604850769,444.89837646484375
183,26.601158142089844,0.8897053003311157,0.9801534414291382,0.9272003173828125,0.5206134915351868,300.28533935546875
184,24.674598693847656,0.8825907111167908,0.9795552492141724,0.9222915172576904,0.5470482707023621,470.55377197265625
185,19.59868049621582,0.5529133081436157,0.7746474146842957,0.7335314154624939,0.1776079684495926,2436.154541015625
186,24.497604370117188,0.8550388216972351,0.9718259572982788,0.9106155037879944,0.5291104316711426,654.2900390625
187,25.340538024902344,0.847261905670166,0.9611219763755798,0.8871390223503113,0.4735007584095001,1080.064208984375
188,23.6685791015625,0.7845973968505859,0.933438241481781,0.8518068194389343,0.4057418704032898,1551.6873779296875
189,24.524253845214844,0.8324240446090698,0.9504932165145874,0.8794319033622742,0.42520713806152344,1409.915283203125
190,24.568098068237305,0.8277609348297119,0.9525954127311707,0.8754898309707642,0.4174458980560303,1094.693359375
191,26.182783126831055,0.8884624242782593,0.9715155363082886,0.9177915453910828,0.4900878071784973,845.9638671875
192,27.446630477905273,0.9182308912277222,0.9800609350204468,0.9333831071853638,0.5137734413146973,684.1170043945312
193,26.168832778930664,0.8844038844108582,0.9711538553237915,0.9159362316131592,0.5257843136787415,902.8751831054688
194,25.262344360351562,0.8539702296257019,0.9618797302246094,0.8988687992095947,0.5046004056930542,990.0374755859375
195,24.10323715209961,0.8251096606254578,0.9526268839836121,0.8814561367034912,0.451157808303833,1146.2017822265625
196,24.50312614440918,0.8304612636566162,0.9552807807922363,0.8849027752876282,0.47362178564071655,997.2354125976562
197,25.264970779418945,0.8567530512809753,0.9602524638175964,0.8956019282341003,0.499904990196228,1069.70703125
198,24.329288482666016,0.8290700912475586,0.9515659213066101,0.8818051815032959,0.4728585481643677,1273.13427734375
199,23.144987106323242,0.7873930335044861,0.9405423998832703,0.8612044453620911,0.43631711602211,1427.343994140625
200,22.197784423828125,0.6714808940887451,0.8680150508880615,0.7886604070663452,0.31834307312965393,482.1482849121094
201,22.574241638183594,0.6586536765098572,0.868179202079773,0.7936315536499023,0.31034889817237854,590.621826171875
202,21.6530818939209,0.6078945398330688,0.8352285623550415,0.7749250531196594,0.265940397977829,881.8142700195312
203,22.529525756835938,0.7092455625534058,0.8976308107376099,0.8271673917770386,0.3358563184738159,600.531005859375
204,21.348590850830078,0.6059584617614746,0.8257249593734741,0.7813246250152588,0.24367780983448029,843.696533203125
205,22.703950881958008,0.7571830749511719,0.9049481153488159,0.8397709131240845,0.37236323952674866,775.6132202148438
206,23.30772590637207,0.8038992881774902,0.9335899353027344,0.8781849145889282,0.41845783591270447,529.5789184570312
207,20.261600494384766,0.5127681493759155,0.7649876475334167,0.7326701879501343,0.1646842360496521,1130.9678955078125
208,22.8714542388916,0.7734532356262207,0.9264976382255554,0.8499290347099304,0.41183799505233765,674.525390625
209,21.441829681396484,0.6591817140579224,0.8695127964019775,0.789936363697052,0.2957496643066406,1018.7210083007812
210,22.091562271118164,0.7735574245452881,0.926698625087738,0.8495848774909973,0.4051586091518402,647.6720581054688
211,22.441675186157227,0.7801133990287781,0.9263650178909302,0.8452372550964355,0.40910428762435913,620.148193359375
212,22.185546875,0.7861115336418152,0.9281929731369019,0.8448169231414795,0.4052431881427765,434.409912109375
213,21.815773010253906,0.7447850108146667,0.9107600450515747,0.823336660861969,0.3597385585308075,377.62725830078125
214,25.278108596801758,0.819102942943573,0.933910071849823,0.8516325950622559,0.40719109773635864,258.93438720703125
215,26.197696685791016,0.8120319843292236,0.9294735789299011,0.8514618873596191,0.39805203676223755,239.2868194580078
216,25.883071899414062,0.806938648223877,0.9281851649284363,0.8489121794700623,0.4013485908508301,259.94873046875
217,27.223730087280273,0.8582395911216736,0.948845624923706,0.879711925983429,0.46100273728370667,249.4530029296875
218,26.777664184570312,0.8461909294128418,0.9455847144126892,0.867729663848877,0.4392681419849396,224.34970092773438
219,27.271682739257812,0.8563313484191895,0.9494684934616089,0.8792631030082703,0.42586544156074524,188.01173400878906
220,26.566242218017578,0.8301025629043579,0.9379507899284363,0.8520592451095581,0.3948461413383484,279.0229797363281
221,24.696807861328125,0.7502562403678894,0.8970953226089478,0.8143096566200256,0.308820903301239,392.5442810058594
222,24.52720832824707,0.7513999342918396,0.9004711508750916,0.8222560286521912,0.33126986026763916,374.9939270019531
223,24.279495239257812,0.762638509273529,0.902446985244751,0.8313218951225281,0.3499741554260254,449.18316650390625
224,24.382715225219727,0.7586096525192261,0.8981775045394897,0.8306760787963867,0.33274540305137634,533.6035766601562
225,20.684602737426758,0.5122207403182983,0.6721066832542419,0.7354908585548401,0.12964896857738495,844.075927734375
226,24.21872329711914,0.763361394405365,0.8981603384017944,0.8321752548217773,0.3456624746322632,738.2836303710938
227,23.556293487548828,0.7179492712020874,0.8826432228088379,0.8108329176902771,0.3228100836277008,818.6778564453125
228,25.973018646240234,0.8371161818504333,0.943793535232544,0.8720827698707581,0.4238923490047455,574.032470703125
229,25.490453720092773,0.839326798915863,0.944672703742981,0.8762625455856323,0.4412398934364319,539.2362060546875
230,25.421316146850586,0.830967903137207,0.9383540153503418,0.8634657859802246,0.41238489747047424,572.462158203125
231,25.15867042541504,0.8332146406173706,0.9372410774230957,0.8669151067733765,0.42351609468460083,600.2735595703125
232,26.16149139404297,0.8577026724815369,0.9521840810775757,0.8826949596405029,0.4559600055217743,480.07080078125
233,25.833965301513672,0.8510197401046753,0.9513779878616333,0.8801897168159485,0.4457436501979828,414.09564208984375
234,26.762895584106445,0.8748645186424255,0.9590448141098022,0.894086480140686,0.4771699011325836,284.21044921875
235,30.359498977661133,0.9289757609367371,0.980874240398407,0.9399049282073975,0.5600922107696533,50.74061584472656
236,28.9445858001709,0.9112564325332642,0.9729959964752197,0.9276472926139832,0.5041924715042114,104.90756225585938
237,27.438804626464844,0.8869752287864685,0.9671840667724609,0.9053130745887756,0.49945759773254395,116.08877563476562
238,27.94426727294922,0.9000929594039917,0.9706994891166687,0.9145270586013794,0.5025221705436707,117.98530578613281
239,25.680761337280273,0.8074862360954285,0.9329352378845215,0.8680847883224487,0.3996678292751312,240.2837677001953
240,28.604433059692383,0.8989523649215698,0.966804027557373,0.91511470079422,0.4984646439552307,66.62232971191406
241,27.838287353515625,0.8760625720024109,0.9608314037322998,0.8989546895027161,0.4578148424625397,117.18511199951172
242,28.47072982788086,0.9043329954147339,0.9675054550170898,0.9163087606430054,0.4988199472427368,53.02739334106445
243,29.51617431640625,0.9160943031311035,0.9717876315116882,0.92406165599823,0.5329729318618774,39.41207504272461
244,30.66044807434082,0.9241136312484741,0.9755173921585083,0.9300126433372498,0.5406084656715393,11.550050735473633
245,25.14380645751953,0.9053356647491455,0.9712272882461548,0.9250091314315796,0.5380750894546509,16.59246253967285
246,24.217971801757812,0.8988814353942871,0.9692375063896179,0.9228130578994751,0.5328357219696045,23.555082321166992
247,28.531923294067383,0.9223626852035522,0.9766343832015991,0.9348729252815247,0.549930214881897,6.943863868713379
248,27.200658798217773,0.9237985610961914,0.9758681058883667,0.9387913346290588,0.5593637824058533,8.919235229492188
249,19.976375579833984,0.8715263605117798,0.9735204577445984,0.9359902143478394,0.5394847393035889,15.671735763549805
250,27.59967041015625,0.90899658203125,0.9728717803955078,0.9265013933181763,0.5245257616043091,11.809804916381836
251,25.333599090576172,0.8941836357116699,0.9676660895347595,0.9217662215232849,0.5061303973197937,20.399980545043945
252,22.835168838500977,0.8901941776275635,0.9629542231559753,0.9246982336044312,0.48341214656829834,33.9779167175293
253,28.921098709106445,0.9219392538070679,0.9747763872146606,0.9345093369483948,0.5166052579879761,14.419332504272461
254,29.029829025268555,0.9058974981307983,0.971129834651947,0.9185373783111572,0.50238436460495,38.496437072753906
255,28.365779876708984,0.9082260131835938,0.9698032140731812,0.9182615280151367,0.5144908428192139,29.182973861694336
256,27.71000862121582,0.8850536346435547,0.959703803062439,0.9005753397941589,0.4764400124549866,61.14633560180664
257,27.550662994384766,0.8861140012741089,0.9588260650634766,0.9035423398017883,0.4949343800544739,65.36392974853516
258,27.205371856689453,0.867651104927063,0.9485304355621338,0.8915238976478577,0.4489513337612152,101.72550964355469
259,27.960247039794922,0.8822789192199707,0.955918550491333,0.8995323777198792,0.48190316557884216,103.6910400390625
260,25.633785247802734,0.8788036704063416,0.9554651975631714,0.8975769281387329,0.4858934283256531,109.40025329589844
261,23.53479766845703,0.8289539217948914,0.9367172718048096,0.8774886727333069,0.4314068555831909,156.7750701904297
262,23.24266815185547,0.8227195739746094,0.9324004054069519,0.873836100101471,0.4265674352645874,191.8988800048828
263,23.722633361816406,0.8393732309341431,0.9407289028167725,0.8773062229156494,0.43103447556495667,186.91250610351562
264,23.97313690185547,0.8863512277603149,0.9603122472763062,0.9063751697540283,0.4930664002895355,167.47821044921875
265,23.537376403808594,0.8318109512329102,0.9347648620605469,0.8788524270057678,0.4283314049243927,162.3319091796875
266,22.31182861328125,0.7326422929763794,0.8999738097190857,0.834183394908905,0.34565597772598267,195.32357788085938
267,24.309261322021484,0.8975309133529663,0.9682434797286987,0.9165196418762207,0.5194094181060791,53.710845947265625
268,26.60942840576172,0.8462727069854736,0.9502992630004883,0.8813320398330688,0.45871075987815857,111.3021240234375
269,27.7492618560791,0.8827540278434753,0.9639972448348999,0.8981863260269165,0.4563256502151489,100.57638549804688
270,24.938440322875977,0.8214097023010254,0.9342750906944275,0.8804357647895813,0.39613252878189087,147.6764678955078
271,25.67752456665039,0.8483068346977234,0.9530245661735535,0.9004950523376465,0.43168216943740845,86.88116455078125
272,23.484458923339844,0.7821201086044312,0.9138911962509155,0.8511794805526733,0.34765204787254333,231.64955139160156
273,26.113603591918945,0.914413332939148,0.9733127355575562,0.9225772023200989,0.4918249845504761,127.0062255859375
274,25.239177703857422,0.8150326013565063,0.932503879070282,0.8562127947807312,0.3728592097759247,197.5845947265625
275,29.330928802490234,0.915080726146698,0.9709994792938232,0.9135875701904297,0.4692049026489258,99.29789733886719
276,25.121051788330078,0.8114036321640015,0.9249147772789001,0.8608525395393372,0.3760369122028351,196.34339904785156
277,23.05059051513672,0.762752890586853,0.8937400579452515,0.8319165110588074,0.32030361890792847,245.4412841796875
278,24.3167667388916,0.7922338247299194,0.9183933138847351,0.8503974676132202,0.34418928623199463,214.1669464111328
279,24.922103881835938,0.7975360751152039,0.9188226461410522,0.8471448421478271,0.33389437198638916,334.7611389160156
280,23.903438568115234,0.7658776640892029,0.8904098868370056,0.8361883163452148,0.2994743883609772,459.7855529785156
281,23.66997528076172,0.7301186323165894,0.8680552840232849,0.8127909898757935,0.2625802159309387,600.420654296875
282,23.724552154541016,0.7236567735671997,0.8711827993392944,0.8079416751861572,0.2621186375617981,773.5914306640625
283,24.19681167602539,0.7642747163772583,0.9011796712875366,0.8225584030151367,0.2999333441257477,852.9384765625
284,23.2290096282959,0.7345503568649292,0.8795592784881592,0.8146687150001526,0.2749609649181366,917.212890625
285,21.75766372680664,0.6860511302947998,0.8415824174880981,0.7907519340515137,0.23134174942970276,1102.756591796875
286,22.434375762939453,0.6886808276176453,0.8487386107444763,0.7942442893981934,0.23386014997959137,1230.458984375
287,22.501096725463867,0.7115229368209839,0.8711287379264832,0.8016670346260071,0.25882723927497864,1250.2669677734375
288,22.9494571685791,0.7693170309066772,0.9108389616012573,0.8186952471733093,0.31492680311203003,1196.987060546875
289,24.20353889465332,0.8130127787590027,0.9324665069580078,0.8409097194671631,0.37325602769851685,993.237548828125
290,23.10605239868164,0.7592276334762573,0.8994078636169434,0.8097137808799744,0.2960069179534912,931.78466796875
291,21.12530517578125,0.667290449142456,0.834967315196991,0.7496408820152283,0.20046746730804443,1156.7138671875
292,21.572263717651367,0.7147181034088135,0.856695830821991,0.7613152861595154,0.24279017746448517,1081.6751708984375
293,21.986970901489258,0.7528890371322632,0.8829149007797241,0.7823038697242737,0.2732902467250824,1029.8984375
294,22.972097396850586,0.7953042984008789,0.9090657234191895,0.8201249241828918,0.3341106176376343,863.2188720703125
295,22.199260711669922,0.7789560556411743,0.8938634395599365,0.806800901889801,0.3122509717941284,905.4135131835938
296,23.806476593017578,0.8402575254440308,0.9336482286453247,0.8460657596588135,0.3887442946434021,936.416748046875
297,23.578330993652344,0.8180710673332214,0.9176111221313477,0.821108341217041,0.33254730701446533,1048.880126953125
298,22.14862632751465,0.8114609718322754,0.9061269164085388,0.8385675549507141,0.3613598942756653,954.0201416015625
299,24.578142166137695,0.871257483959198,0.9502498507499695,0.8588184714317322,0.42684635519981384,934.284912109375
300,21.961057662963867,0.816135585308075,0.9446581602096558,0.8688706755638123,0.4277195334434509,1102.5682373046875
301,20.602611541748047,0.7834776639938354,0.9376086592674255,0.8596929907798767,0.42634913325309753,1342.6063232421875
302,24.440805435180664,0.8627429008483887,0.9666518568992615,0.9036217331886292,0.4632548391819,905.7011108398438
303,24.8682861328125,0.8704948425292969,0.9683846831321716,0.9088468551635742,0.47581782937049866,727.092529296875
304,24.556419372558594,0.9243897199630737,0.9754735827445984,0.9443725347518921,0.5952649712562561,228.1470184326172
305,23.715065002441406,0.9025444984436035,0.971199631690979,0.9332696199417114,0.5637018084526062,439.789794921875
306,24.672931671142578,0.8785214424133301,0.9684750437736511,0.9146861433982849,0.49240705370903015,708.4341430664062
307,24.98550796508789,0.8934623003005981,0.9729257822036743,0.9208447933197021,0.5033832788467407,381.4178161621094
308,24.91885757446289,0.9173808097839355,0.9764816164970398,0.9380307197570801,0.5543085336685181,235.66317749023438
309,25.461708068847656,0.9050468802452087,0.9735285639762878,0.9285882711410522,0.5253555178642273,312.6042785644531
310,22.011760711669922,0.8783538341522217,0.9667879939079285,0.9197081327438354,0.5529035329818726,444.979736328125
311,22.528779983520508,0.8677675724029541,0.965532660484314,0.9122314453125,0.5238754749298096,570.3072509765625
312,23.91863250732422,0.911899983882904,0.9755159616470337,0.93817538022995,0.5941892862319946,312.0837707519531
313,22.40813446044922,0.8599247336387634,0.9625863432884216,0.9058966040611267,0.4938105642795563,870.6444091796875
314,22.162473678588867,0.8444785475730896,0.9543539881706238,0.8961713314056396,0.47873935103416443,986.7454833984375
315,24.594818115234375,0.871799647808075,0.9615386724472046,0.9073582291603088,0.4983159899711609,787.4427490234375
316,23.928123474121094,0.8685243129730225,0.9614621996879578,0.9038103818893433,0.4918016791343689,720.598876953125
317,23.511127471923828,0.8733488917350769,0.9644696116447449,0.906498372554779,0.5080347657203674,719.972412109375
318,21.98348045349121,0.8071451187133789,0.9482451677322388,0.8712038397789001,0.429240882396698,1536.915283203125
319,22.643869400024414,0.9168726801872253,0.9757921099662781,0.9426208138465881,0.6052479147911072,229.68453979492188
320,23.43948745727539,0.9226129055023193,0.977538526058197,0.9452906847000122,0.620154857635498,165.01979064941406
321,25.00009536743164,0.9396849870681763,0.9809784293174744,0.953648567199707,0.6309667825698853,105.04270935058594
322,23.550399780273438,0.9044339656829834,0.9734848737716675,0.9307993650436401,0.5519499778747559,448.5015869140625
323,23.109128952026367,0.8649970293045044,0.9625105857849121,0.9074282050132751,0.4843890070915222,1038.885986328125
324,23.545665740966797,0.877422571182251,0.966006875038147,0.9147018790245056,0.5081247687339783,929.591064453125
325,21.617782592773438,0.8335615396499634,0.9506748914718628,0.8918676972389221,0.47801288962364197,1347.574462890625
326,24.606700897216797,0.905860424041748,0.9712696075439453,0.9284341931343079,0.5554906129837036,464.91949462890625
327,23.880157470703125,0.928776204586029,0.9781762957572937,0.9503504633903503,0.6301379203796387,160.18045043945312
328,23.529769897460938,0.920749843120575,0.9750038981437683,0.9441891312599182,0.609372079372406,101.50152587890625
329,23.166677474975586,0.9330295920372009,0.9777957201004028,0.9534670114517212,0.6536301970481873,44.265716552734375
330,24.204042434692383,0.9235336184501648,0.9779884815216064,0.9456514120101929,0.6012555360794067,257.65728759765625
331,23.88719367980957,0.9301009178161621,0.978456437587738,0.9515763521194458,0.627321183681488,152.4186553955078
332,23.53693962097168,0.9264696836471558,0.9758440256118774,0.9482707977294922,0.6306365132331848,205.0333251953125
333,22.450876235961914,0.9199129939079285,0.9732736945152283,0.9462571144104004,0.6334970593452454,196.5009765625
334,24.701908111572266,0.9216169118881226,0.9767155647277832,0.9444853067398071,0.5967936515808105,335.02117919921875
335,24.31462287902832,0.9142293334007263,0.9746910333633423,0.9387306571006775,0.5858139991760254,227.95095825195312
336,24.158876419067383,0.8933364152908325,0.9713555574417114,0.9238061904907227,0.5457688570022583,459.70550537109375
337,24.0602970123291,0.9217146635055542,0.9771431684494019,0.9445235133171082,0.6146770119667053,161.12466430664062
338,23.842823028564453,0.9227485656738281,0.9785679578781128,0.9461309909820557,0.5952639579772949,159.33921813964844
339,23.588411331176758,0.9140881299972534,0.9772682189941406,0.9427089691162109,0.5942935943603516,295.12164306640625
340,24.542659759521484,0.9070536494255066,0.977188766002655,0.9342572093009949,0.5401675701141357,478.1798095703125
341,22.123870849609375,0.9149807691574097,0.9736325144767761,0.9429947137832642,0.6293440461158752,201.8383331298828
342,24.83538818359375,0.9355766773223877,0.9808558225631714,0.9518783092498779,0.606089174747467,226.70452880859375
343,22.992536544799805,0.9310283660888672,0.9774312973022461,0.9520813226699829,0.6483284831047058,40.521240234375
344,25.0424861907959,0.9250421524047852,0.9779447317123413,0.9438794851303101,0.5884179472923279,377.67974853515625
345,24.070480346679688,0.9045186042785645,0.9759773015975952,0.9366330504417419,0.5515522956848145,440.97711181640625
346,23.16900634765625,0.9079288244247437,0.9741308093070984,0.9363949298858643,0.5778802633285522,448.71978759765625
347,23.478918075561523,0.8934874534606934,0.9718880653381348,0.9289736151695251,0.542155921459198,539.7654418945312
348,23.88821029663086,0.9312973022460938,0.9790109395980835,0.951467752456665,0.6173028945922852,141.81890869140625
349,23.796632766723633,0.926559567451477,0.9777072668075562,0.9473261833190918,0.598949670791626,118.84196472167969
350,23.761674880981445,0.9240046739578247,0.9766947031021118,0.9463765025138855,0.5928964018821716,175.13656616210938
351,24.02423858642578,0.9351950883865356,0.9795252680778503,0.9539458751678467,0.624812662601471,94.051025390625
352,22.227746963500977,0.9210581183433533,0.9731137156486511,0.9460213780403137,0.6253689527511597,124.75627136230469
353,23.980953216552734,0.9436063170433044,0.9805481433868408,0.960510790348053,0.6718094944953918,33.42781066894531
354,22.86237907409668,0.9271245002746582,0.9761921763420105,0.9474148750305176,0.6049515008926392,30.101539611816406
355,24.316484451293945,0.9432455897331238,0.9804317355155945,0.9579264521598816,0.635552704334259,55.26252746582031
356,23.736766815185547,0.9363152384757996,0.9784276485443115,0.954829216003418,0.6429849863052368,61.272499084472656
357,23.8144588470459,0.9208881258964539,0.974040687084198,0.9436883330345154,0.6135132908821106,216.97608947753906
358,23.95962142944336,0.923651397228241,0.9759777784347534,0.9458032846450806,0.6096106767654419,190.3228302001953
359,24.782087326049805,0.9299614429473877,0.9794010519981384,0.9499552845954895,0.6116663217544556,224.33665466308594
360,23.778837203979492,0.9374361038208008,0.9802316427230835,0.9571396112442017,0.653388261795044,119.06355285644531
361,24.27035903930664,0.9302741289138794,0.9796798229217529,0.9509957432746887,0.6245665550231934,219.05337524414062
362,24.589683532714844,0.9361356496810913,0.9799078702926636,0.9514032006263733,0.6096135973930359,85.5282211303711
363,23.6318302154541,0.9354972839355469,0.9797300100326538,0.9530232548713684,0.6268758773803711,45.468467712402344
364,24.797130584716797,0.9447595477104187,0.9827102422714233,0.9583531022071838,0.6391010880470276,64.02306365966797
365,23.776611328125,0.9345126152038574,0.979113757610321,0.954248309135437,0.6339914202690125,116.65316009521484
366,23.27480125427246,0.9412867426872253,0.9798046350479126,0.9593340158462524,0.6788652539253235,28.985084533691406
367,24.565488815307617,0.9320927858352661,0.9801076650619507,0.9534319639205933,0.6265972256660461,276.66412353515625
368,24.36768341064453,0.9432218074798584,0.9811052083969116,0.9588714241981506,0.669085681438446,91.17882537841797
369,24.108875274658203,0.9338197708129883,0.9798694849014282,0.955973744392395,0.6416093111038208,157.97427368164062
370,24.346267700195312,0.9422599673271179,0.9813458323478699,0.9609351754188538,0.6748713850975037,86.90106201171875
371,24.358549118041992,0.9466392993927002,0.9826903343200684,0.9625608325004578,0.6804232001304626,32.296844482421875
372,24.37203598022461,0.9429590702056885,0.981723964214325,0.9586718678474426,0.6496273279190063,75.62344360351562
373,23.93143653869629,0.9346102476119995,0.9799542427062988,0.9559427499771118,0.6451765894889832,147.50064086914062
374,23.685819625854492,0.9363579750061035,0.9791848659515381,0.955111563205719,0.6376783847808838,134.84637451171875
375,23.64476776123047,0.9152102470397949,0.9745725393295288,0.9401884078979492,0.5824751853942871,485.8926696777344
376,23.852519989013672,0.9445976614952087,0.9798277616500854,0.9623071551322937,0.6803615093231201,42.885772705078125
377,23.849952697753906,0.8925695419311523,0.9718317985534668,0.9306619763374329,0.5346700549125671,963.48681640625
378,23.724716186523438,0.9469425678253174,0.9806674718856812,0.9618719220161438,0.673882246017456,31.58309555053711
379,24.388259887695312,0.9458423852920532,0.9813176989555359,0.9627266526222229,0.6711005568504333,127.64884948730469
380,24.326995849609375,0.9467748403549194,0.9817612171173096,0.960716724395752,0.6605066657066345,17.4363956451416
381,24.740171432495117,0.9528128504753113,0.9837135672569275,0.9664358496665955,0.6872040033340454,44.04798126220703
382,24.34103012084961,0.9542624354362488,0.9832175970077515,0.9673261046409607,0.7054941654205322,4.579975128173828
383,24.234874725341797,0.9490119218826294,0.9819576144218445,0.9648802280426025,0.6851641535758972,13.348523139953613
384,24.607669830322266,0.9505416750907898,0.9823359251022339,0.9657145142555237,0.6877689957618713,28.063823699951172
385,24.376047134399414,0.9392616152763367,0.9803351759910583,0.9583195447921753,0.6494408249855042,158.47842407226562
386,23.77216148376465,0.9388377666473389,0.980104923248291,0.9596886038780212,0.6524362564086914,120.27685546875
387,24.56342315673828,0.9485433101654053,0.9817627668380737,0.9622496962547302,0.6749265789985657,8.121885299682617
388,24.067419052124023,0.9296214580535889,0.9791890382766724,0.9526604413986206,0.6186065077781677,299.0914306640625
389,24.789012908935547,0.9537661075592041,0.9831022024154663,0.9667285084724426,0.7056812047958374,20.05550765991211
390,24.074810028076172,0.9318887591362,0.9797784686088562,0.9535571336746216,0.621645450592041,381.3529968261719
391,24.011442184448242,0.9430105090141296,0.9814718961715698,0.9612457752227783,0.6723704934120178,112.8377914428711
392,24.049335479736328,0.9480416178703308,0.9823073744773865,0.963555097579956,0.6900207996368408,70.7391128540039
393,24.38226318359375,0.9456124305725098,0.9816753268241882,0.9589723348617554,0.6448767185211182,97.22710418701172
394,25.14155387878418,0.9521836638450623,0.9837163686752319,0.9632490277290344,0.6713132262229919,6.447159767150879
395,25.247726440429688,0.9549341201782227,0.9844106435775757,0.9656136631965637,0.6858319640159607,17.40736961364746
396,25.699634552001953,0.959433913230896,0.9852845072746277,0.9690553545951843,0.7147189378738403,14.754287719726562
397,25.605411529541016,0.9567705988883972,0.9850587844848633,0.9660165309906006,0.6862344741821289,6.515717029571533
398,24.1912841796875,0.9350512027740479,0.9806391596794128,0.9565877318382263,0.6334933638572693,328.3964538574219
399,24.656591415405273,0.9513198733329773,0.9834153056144714,0.9640260338783264,0.6857197880744934,41.12110137939453
400,22.7303466796875,0.6212892532348633,0.8863551020622253,0.7847140431404114,0.24781852960586548,672.3895263671875
401,24.576465606689453,0.8141134977340698,0.9582404494285583,0.8699609041213989,0.3828973174095154,437.9286193847656
402,27.584197998046875,0.9180423617362976,0.9743682742118835,0.926749050617218,0.5277970433235168,312.423828125
403,27.633262634277344,0.9072455167770386,0.9739506244659424,0.9127991199493408,0.4812982380390167,160.829833984375
404,27.390783309936523,0.8837627172470093,0.97064208984375,0.9058009386062622,0.4456878900527954,245.9232940673828
405,24.739028930664062,0.8420610427856445,0.9538068175315857,0.8750545978546143,0.38037359714508057,184.16781616210938
406,25.74856948852539,0.8611174821853638,0.9535853266716003,0.8789809942245483,0.39812543988227844,394.499267578125
407,23.07502555847168,0.80777907371521,0.9429138898849487,0.867075502872467,0.3934365510940552,412.72796630859375
408,25.40074920654297,0.8088852167129517,0.942290186882019,0.8563238978385925,0.3573433756828308,370.0364990234375
409,25.663440704345703,0.806201159954071,0.9565520286560059,0.8675295114517212,0.3938956558704376,309.95233154296875
410,24.79263687133789,0.7834467887878418,0.9150208830833435,0.8452382683753967,0.302420049905777,435.2051086425781
411,25.909196853637695,0.8342103362083435,0.9482479095458984,0.8699777722358704,0.3407188057899475,89.55509948730469
412,28.215068817138672,0.9233704805374146,0.9808632731437683,0.9373157620429993,0.529181957244873,45.717498779296875
413,22.183517456054688,0.4880337119102478,0.8428707122802734,0.7520867586135864,0.21813362836837769,429.36077880859375
414,23.48781967163086,0.7064899206161499,0.884326159954071,0.806511640548706,0.21774457395076752,422.7812805175781
415,23.734088897705078,0.6725373268127441,0.900981605052948,0.8035781383514404,0.23733267188072205,232.20721435546875
416,24.465850830078125,0.6851328611373901,0.9207544326782227,0.8137803673744202,0.2882179319858551,355.2825622558594
417,26.13419532775879,0.8040242195129395,0.9411808252334595,0.8544564843177795,0.33503809571266174,288.8885192871094
418,26.298419952392578,0.8484911322593689,0.9633643627166748,0.8922749757766724,0.4186088442802429,139.01290893554688
419,23.153715133666992,0.5707529783248901,0.8860399127006531,0.7816002368927002,0.24580471217632294,542.9892578125
420,21.891822814941406,0.6457058191299438,0.8685929179191589,0.7900592684745789,0.2218053638935089,445.0112609863281
421,23.66672134399414,0.5725446343421936,0.8839857578277588,0.7808641791343689,0.2504023313522339,463.36444091796875
422,26.335628509521484,0.8452283143997192,0.9588479995727539,0.8843306303024292,0.393550306558609,297.6093444824219
423,25.81460952758789,0.8449506163597107,0.9608117938041687,0.8743398189544678,0.3978579044342041,141.40533447265625
424,22.552738189697266,0.6348926424980164,0.9065935611724854,0.7918789982795715,0.27442628145217896,341.1475830078125
425,25.330184936523438,0.8664422035217285,0.9638365507125854,0.897305428981781,0.4362618327140808,171.5309295654297
426,24.19055938720703,0.8033291101455688,0.9478418231010437,0.8694151043891907,0.3918248116970062,284.26947021484375
427,23.11526870727539,0.7070674896240234,0.9210977554321289,0.8053491115570068,0.2969900369644165,577.9281616210938
428,20.064453125,0.3791908025741577,0.7072888612747192,0.6925481557846069,0.10232749581336975,1129.7840576171875
429,20.325305938720703,0.398594468832016,0.7360724210739136,0.7024955153465271,0.1127292588353157,1115.325927734375
430,22.03817367553711,0.6329414248466492,0.896226167678833,0.7834572196006775,0.2550014555454254,728.58544921875
431,22.197572708129883,0.659758448600769,0.8689771890640259,0.7936239838600159,0.2325366884469986,676.56982421875
432,21.062042236328125,0.5181372165679932,0.8042032122612,0.7418501377105713,0.15636584162712097,712.4718627929688
433,19.314821243286133,0.35076433420181274,0.5740580558776855,0.6809301972389221,0.06258130818605423,1139.8385009765625
434,21.174217224121094,0.4920458197593689,0.7780501246452332,0.733583927154541,0.15327009558677673,829.0341796875
435,24.659730911254883,0.7855585813522339,0.9335850477218628,0.8467972874641418,0.3192521035671234,340.42071533203125
436,26.228591918945312,0.8925412893295288,0.9648782014846802,0.9124429821968079,0.4620797634124756,177.2891082763672
437,18.653034210205078,0.6828953623771667,0.8864418864250183,0.8217982649803162,0.2534360885620117,457.39764404296875
438,18.370817184448242,0.6930508613586426,0.9179098606109619,0.8458554148674011,0.3244004547595978,453.1370849609375
439,19.395301818847656,0.6756269335746765,0.8848669528961182,0.8405880331993103,0.2838021218776703,440.9498291015625
440,20.81342887878418,0.7885189056396484,0.8969783782958984,0.8710564970970154,0.2853449881076813,623.5096435546875
441,19.038436889648438,0.5719814300537109,0.8234139680862427,0.7854830026626587,0.1788419485092163,971.6759643554688
442,20.380685806274414,0.702220618724823,0.8766142725944519,0.8155357837677002,0.22284331917762756,373.9975280761719
443,25.582962036132812,0.8540457487106323,0.9557632207870483,0.8879292011260986,0.39016976952552795,156.410400390625
444,23.497291564941406,0.8560242056846619,0.9573650360107422,0.9031303524971008,0.42639774084091187,120.50481414794922
445,22.006877899169922,0.8772382140159607,0.9639202952384949,0.9228893518447876,0.5155657529830933,122.13475799560547
446,19.146940231323242,0.41800111532211304,0.6895107626914978,0.7272531986236572,0.10433268547058105,962.8255615234375
447,18.622692108154297,0.5951083898544312,0.8742246627807617,0.7935831546783447,0.24974505603313446,631.1410522460938
448,18.96387481689453,0.5241312980651855,0.8121969103813171,0.766497015953064,0.1817963719367981,873.4238891601562
449,20.12897491455078,0.6571831703186035,0.8630447387695312,0.8102927207946777,0.2574273943901062,699.3765869140625
450,19.01477813720703,0.6061097383499146,0.8774186968803406,0.7953289747238159,0.2596590518951416,810.9777221679688
451,20.773630142211914,0.6885351538658142,0.8938747644424438,0.8205056190490723,0.28820472955703735,726.4517822265625
452,19.836580276489258,0.6331802606582642,0.8878507018089294,0.7987020611763,0.2732287347316742,831.6366577148438
453,26.534500122070312,0.8277592658996582,0.9384620189666748,0.8798090219497681,0.41858145594596863,522.59619140625
454,20.582244873046875,0.7947186827659607,0.927825927734375,0.8666988611221313,0.37624379992485046,334.62420654296875
455,24.727346420288086,0.7748781442642212,0.9335598945617676,0.8560221791267395,0.3589562177658081,640.479248046875
456,22.466917037963867,0.7064262628555298,0.9006946086883545,0.8238959908485413,0.29014867544174194,782.0106201171875
457,24.42857551574707,0.8394341468811035,0.947081446647644,0.8755832314491272,0.4183669984340668,334.33453369140625
458,25.282291412353516,0.8470600843429565,0.9633814096450806,0.8968369364738464,0.4377102255821228,310.32391357421875
459,25.937721252441406,0.8459376692771912,0.9518426656723022,0.8798967003822327,0.4211525022983551,237.4412841796875
460,25.47340202331543,0.8026634454727173,0.9441062211990356,0.8621053695678711,0.3924838900566101,362.85980224609375
461,25.511707305908203,0.7363912463188171,0.9392151832580566,0.833570659160614,0.34605854749679565,490.48724365234375
462,28.555849075317383,0.8690063953399658,0.9727336764335632,0.9086796641349792,0.4721071124076843,235.55630493164062
463,28.638742446899414,0.8958824872970581,0.9786264300346375,0.9257698655128479,0.5133729577064514,167.16481018066406
464,27.98598289489746,0.8623987436294556,0.9677266478538513,0.9004285335540771,0.46979132294654846,239.25450134277344
465,23.740415573120117,0.6939435005187988,0.8835897445678711,0.7959933876991272,0.25577738881111145,662.2325439453125
466,25.700471878051758,0.7854077219963074,0.9318078756332397,0.8369594812393188,0.333524614572525,642.3787841796875
467,23.71161651611328,0.6743549108505249,0.8702387809753418,0.7897167205810547,0.24222885072231293,880.4255981445312
468,23.2987060546875,0.6260428428649902,0.8434542417526245,0.7856813073158264,0.22939276695251465,792.4505615234375
469,24.586172103881836,0.7434760332107544,0.9214255809783936,0.8224862217903137,0.32989171147346497,572.46435546875
470,23.65890121459961,0.6743720769882202,0.8990751504898071,0.7831477522850037,0.28465571999549866,1346.153076171875
471,26.116119384765625,0.8277771472930908,0.9476251602172852,0.8722989559173584,0.4142988920211792,709.7554931640625
472,28.590740203857422,0.896484375,0.975116491317749,0.9233152866363525,0.4999596178531647,196.94175720214844
473,27.22577667236328,0.832740306854248,0.9585644006729126,0.8926568627357483,0.45633023977279663,358.65411376953125
474,29.045000076293945,0.8938668966293335,0.9725772142410278,0.9194790720939636,0.5033364295959473,112.49193572998047
475,25.632822036743164,0.7982956171035767,0.9466609954833984,0.8559367656707764,0.3880908489227295,653.0142822265625
476,28.55320930480957,0.9017173647880554,0.9760438203811646,0.9153795838356018,0.5002557635307312,124.67242431640625
477,29.59308624267578,0.9213846921920776,0.9825719594955444,0.933906614780426,0.5642181634902954,76.79537200927734
478,29.09864616394043,0.9123482704162598,0.981900155544281,0.9279715418815613,0.5522607564926147,93.23191833496094
479,26.872041702270508,0.8553235530853271,0.9648868441581726,0.8894314765930176,0.450607031583786,378.6483154296875
480,27.06640625,0.866307258605957,0.9683713912963867,0.8957304954528809,0.471187949180603,314.81494140625
481,26.035785675048828,0.8510789275169373,0.9546531438827515,0.8832495212554932,0.4637068808078766,420.76153564453125
482,26.81778907775879,0.8764052391052246,0.9634961485862732,0.9006482362747192,0.4966756999492645,260.1284484863281
483,27.3319091796875,0.8927845358848572,0.9699233770370483,0.9108307361602783,0.5303390622138977,188.6820068359375
484,27.64757537841797,0.8918628096580505,0.9678089618682861,0.9088577032089233,0.5404898524284363,218.8039093017578
485,24.368135452270508,0.8780815005302429,0.9677545428276062,0.9045324325561523,0.531697154045105,228.38526916503906
486,23.80563735961914,0.8623884916305542,0.9579929709434509,0.8958731293678284,0.516708254814148,271.6575927734375
487,22.883451461791992,0.7603654265403748,0.9092260599136353,0.8409512639045715,0.34407585859298706,672.2593383789062
488,21.26471710205078,0.6667155027389526,0.86374831199646,0.8165339827537537,0.29634714126586914,805.730224609375
489,22.186058044433594,0.8133968114852905,0.9085749983787537,0.8695580363273621,0.4316597878932953,369.64202880859375
490,21.75714683532715,0.8054336309432983,0.9016345739364624,0.8623468279838562,0.4113515615463257,324.011962890625
491,21.340158462524414,0.785489559173584,0.8765430450439453,0.854992687702179,0.40224459767341614,408.31561279296875
492,22.956819534301758,0.7913744449615479,0.8669478297233582,0.858271062374115,0.37677618861198425,297.66278076171875
493,22.441625595092773,0.7644783854484558,0.8626779317855835,0.8474687933921814,0.34046635031700134,334.70001220703125
494,22.143667221069336,0.7955541014671326,0.8921736478805542,0.8627499341964722,0.3992465138435364,226.00714111328125
495,24.34564971923828,0.8249654173851013,0.9192923307418823,0.8782542943954468,0.4231855571269989,268.9593505859375
496,24.928874969482422,0.8441504836082458,0.9341287016868591,0.8920698165893555,0.42890864610671997,297.521484375
497,25.455669403076172,0.7746478915214539,0.9227328300476074,0.8572415113449097,0.36047258973121643,575.691162109375
498,24.382665634155273,0.8265621066093445,0.9275791645050049,0.8657101988792419,0.41534873843193054,410.01953125
499,21.787860870361328,0.7814805507659912,0.902560830116272,0.8467386960983276,0.3826015591621399,908.879638671875
500,22.9351806640625,0.7817460894584656,0.9222127795219421,0.8342047929763794,0.3899991512298584,798.2281494140625
501,24.052417755126953,0.8237048983573914,0.9447898864746094,0.8467158675193787,0.42800000309944153,651.0348510742188
502,22.324487686157227,0.7793077230453491,0.9268469214439392,0.8115445971488953,0.37386712431907654,896.0467529296875
503,23.588542938232422,0.8444976210594177,0.9533297419548035,0.8556079864501953,0.46472638845443726,608.8568115234375
504,21.612056732177734,0.7673818469047546,0.916252613067627,0.809911847114563,0.3637051582336426,839.5643310546875
505,21.977109909057617,0.7405843734741211,0.8826581835746765,0.8020305633544922,0.3371324837207794,1170.62353515625
506,21.718843460083008,0.7233713865280151,0.8598694801330566,0.803532600402832,0.31758221983909607,1020.6863403320312
507,21.981021881103516,0.7220107913017273,0.8480876684188843,0.8094720244407654,0.3124534487724304,895.1304931640625
508,22.936220169067383,0.7690665125846863,0.8806072473526001,0.8298021554946899,0.3551120460033417,899.9019775390625
509,22.49496078491211,0.751067042350769,0.8694631457328796,0.8197022080421448,0.3412969708442688,923.0579833984375
510,23.05678939819336,0.7853500843048096,0.896582841873169,0.8334165215492249,0.39959484338760376,687.604248046875
511,24.425861358642578,0.8319031000137329,0.9396340250968933,0.8679020404815674,0.4370432496070862,579.838623046875
512,25.601818084716797,0.8622965812683105,0.9583336114883423,0.8981224298477173,0.4684879183769226,428.53631591796875
513,24.059112548828125,0.8229564428329468,0.9343280792236328,0.8589917421340942,0.4292576014995575,548.66455078125
514,22.857675552368164,0.7576035857200623,0.9076282382011414,0.8220545649528503,0.3406284749507904,852.8744506835938
515,22.330751419067383,0.6877061724662781,0.8898536562919617,0.7915133237838745,0.29732921719551086,719.3165893554688
516,22.740449905395508,0.728272557258606,0.9058828353881836,0.8204255104064941,0.319862961769104,551.0193481445312
517,23.707178115844727,0.8339672088623047,0.9454190135002136,0.86785489320755,0.43497076630592346,436.4063415527344
518,24.48977279663086,0.8555850982666016,0.9549159407615662,0.8764964938163757,0.45164811611175537,395.45758056640625
519,23.745525360107422,0.8154642581939697,0.9391440153121948,0.8515499234199524,0.4014943242073059,407.3061218261719
520,22.324432373046875,0.7273322939872742,0.907192587852478,0.8114902377128601,0.31325235962867737,512.2730712890625
521,22.852420806884766,0.7468375563621521,0.9213868975639343,0.8264814615249634,0.33269456028938293,435.87109375
522,23.566917419433594,0.7914044857025146,0.940213680267334,0.8465571403503418,0.36294087767601013,433.50897216796875
523,23.609859466552734,0.7804354429244995,0.9373124837875366,0.842880129814148,0.3586282432079315,448.4975280761719
524,23.08913803100586,0.7851521372795105,0.9266997575759888,0.8406249284744263,0.35801029205322266,278.302734375
525,24.968015670776367,0.8359760046005249,0.9480674266815186,0.8650338649749756,0.39539802074432373,342.75848388671875
526,24.405481338500977,0.7624887228012085,0.9209598302841187,0.8462707996368408,0.33283039927482605,453.4456787109375
527,27.921958923339844,0.9030901789665222,0.9683542251586914,0.9162934422492981,0.5255885124206543,190.0245361328125
528,23.551090240478516,0.6954960823059082,0.918574333190918,0.8072251081466675,0.3045009970664978,755.7998046875
529,27.517587661743164,0.8978475332260132,0.9670560359954834,0.9125989675521851,0.5064168572425842,339.7987976074219
530,24.985122680664062,0.8296968340873718,0.9380615949630737,0.8643113374710083,0.371387243270874,507.16534423828125
531,21.56477928161621,0.5834552645683289,0.8456188440322876,0.7560060024261475,0.20477864146232605,1044.7886962890625
532,20.49191665649414,0.4510629177093506,0.7398828268051147,0.7160646915435791,0.1425860971212387,1273.848876953125
533,21.268173217773438,0.5131767988204956,0.8237359523773193,0.745591938495636,0.18647761642932892,851.1820068359375
